{
  "config": {
    "docs": 30000,
    "chunks": 60000,
    "dim": 256,
    "queries": 500,
    "seed": 42,
    "build_s": 30.611,
    "explained_variance": 0.4673
  },
  "quality": {
    "BM25": {
      "recall": {
        "1": 0.888,
        "3": 0.988,
        "5": 0.988,
        "10": 0.988
      },
      "mrr": 0.9366666666666668,
      "ndcg": 0.9500455373285736,
      "grounded": 0.9204232390412546,
      "n": 250
    },
    "Dense": {
      "recall": {
        "1": 0.188,
        "3": 0.216,
        "5": 0.22,
        "10": 0.244
      },
      "mrr": 0.2056777777777778,
      "ndcg": 0.2147617453583752,
      "grounded": 0.9221140048594784,
      "n": 250
    },
    "Hybrid": {
      "recall": {
        "1": 0.3,
        "3": 0.54,
        "5": 0.664,
        "10": 0.792
      },
      "mrr": 0.45045873015873,
      "ndcg": 0.5322708788397339,
      "grounded": 0.9206437822454983,
      "n": 250
    },
    "Hybrid+Rerank": {
      "recall": {
        "1": 0.92,
        "3": 0.984,
        "5": 0.988,
        "10": 0.988
      },
      "mrr": 0.9523333333333334,
      "ndcg": 0.9615784914465807,
      "grounded": 0.9197198706415108,
      "n": 250
    }
  },
  "ks": [
    1,
    3,
    5,
    10
  ],
  "latency": {
    "BM25": {
      "1": 12.404739024981382,
      "5": 12.22608355000716,
      "10": 10.388211249983215,
      "20": 9.532394549995615,
      "50": 8.876423262466915
    },
    "Dense": {
      "1": 10.378528462530312,
      "5": 9.974631037516701,
      "10": 9.124262700015606,
      "20": 6.944489499960582,
      "50": 7.3767244624946215
    },
    "Hybrid": {
      "1": 23.422823450016494,
      "5": 22.1698667499993,
      "10": 19.419802037509726,
      "20": 16.631610887520765,
      "50": 16.219730562517043
    },
    "Hybrid+Rerank": {
      "1": 27.490930599986996,
      "5": 24.851881737481563,
      "10": 22.442674675022545,
      "20": 18.629003375008324,
      "50": 18.21505727501176
    }
  },
  "latency_ks": [
    1,
    5,
    10,
    20,
    50
  ],
  "isolation": {
    "tenant": "globex",
    "isolated": true,
    "leaked": 0
  },
  "answer_demo": {
    "question": "What does policy POL-026841 specify about expense approval?",
    "answer": "Corporate expense approval policy POL-026841 governs the Duweba program. [1] Corporate expense approval policy POL-012081 governs the Popeba program. [2] Corporate expense approval policy POL-018759 governs the Dekiba program. [3]",
    "citations": [
      "policy-0026841::c0",
      "policy-0012081::c0",
      "policy-0018759::c0"
    ]
  }
}